<?xml version='1.0' encoding='utf-8'?>
<!DOCTYPE hibernate-configuration PUBLIC
	"-//Hibernate/Hibernate Configuration DTD 3.0//EN"
	"file:///C:\Users\P_BHAVITHA\Downloads\hibernate-configuration-3.0.dtd">
     
<hibernate-configuration>
  <session-factory>
    <property name="hibernate.dialect">org.hibernate.dialect.H2Dialect</property>
    <property name="hibernate.connection.driver_class">org.h2.Driver</property>
    <property name="hibernate.connection.url">jdbc:h2:mem:studentdb;DB_CLOSE_DELAY=-1</property>
    <property name="hibernate.connection.username">bhavitha</property>
    <property name="hibernate.connection.password">root</property>

    <property name="hibernate.hbm2ddl.auto">update</property>
    <property name="hibernate.show_sql">true</property>

    <mapping class="com.example.student.entity.Student"/>
  </session-factory>
</hibernate-configuration>
